{"cameraMode":{"drawMode":0,"name":"Shaded","section":"Shading Mode"},"sceneLighting":false,"audioPlay":false,"sceneViewState":{"showFog":true,"showMaterialUpdate":false,"showSkybox":true,"showFlares":true,"showImageEffects":true,"showParticleSystems":true},"in2DMode":false,"pivot":{"x":-3.850820779800415,"y":2.1700000762939455,"z":2.9802322387695315e-8},"rotation":{"x":0.05340317636728287,"y":-0.1447761356830597,"z":0.007825560867786408,"w":0.9879913330078125},"size":9.05941104888916,"orthographic":true}